,Actual gwl,Predicted gwl
0,4.772246455,3.295425
1,6.795454163,5.332786
2,3.513799193,3.257676
3,3.015237574,2.5227374
4,1.856542633,1.7984822
5,3.055539388,3.5069222
6,2.867087069,2.72987
7,3.233698265,3.6339025
